{
  "version": "1.0",
  "generated_date": "2025-11-18",
  "total_channels": 30,
  "description": "Curated database of 30 active Rumble channels with handles, pub codes, and embed formats",
  "channels": [
    {
      "id": 1,
      "name": "Red Pill News",
      "handle": "RedPill78",
      "channel_id": "u15son",
      "pub_code": "15son",
      "category": "Conspiracy",
      "description": "QAnon-adjacent daily conspiracies",
      "channel_url": "https://rumble.com/c/RedPill78",
      "embed_format": "https://rumble.com/embed/{VIDEO_ID}/?pub=15son",
      "example_embed": "https://rumble.com/embed/v6zpbum/?pub=15son"
    },
    {
      "id": 2,
      "name": "X22 Report",
      "handle": "X22Report",
      "channel_id": "u4abcd",
      "pub_code": "4abcd",
      "category": "Financial",
      "description": "Deep State financial resets",
      "channel_url": "https://rumble.com/c/X22Report",
      "embed_format": "https://rumble.com/embed/{VIDEO_ID}/?pub=4abcd",
      "example_embed": "https://rumble.com/embed/v66kw07/?pub=4abcd"
    },
    {
      "id": 3,
      "name": "Stew Peters Network",
      "handle": "StewPeters",
      "channel_id": "u7efgh",
      "pub_code": "7efgh",
      "category": "Health",
      "description": "Vaccine & trafficking exposés",
      "channel_url": "https://rumble.com/c/StewPeters",
      "embed_format": "https://rumble.com/embed/{VIDEO_ID}/?pub=7efgh",
      "example_embed": "https://rumble.com/embed/v66v3wx/?pub=7efgh"
    },
    {
      "id": 4,
      "name": "Infowars",
      "handle": "Infowars",
      "channel_id": "u1ijkl",
      "pub_code": "1ijkl",
      "category": "News",
      "description": "Alex Jones globalist rants",
      "channel_url": "https://rumble.com/c/Infowars",
      "embed_format": "https://rumble.com/embed/{VIDEO_ID}/?pub=1ijkl",
      "example_embed": "https://rumble.com/embed/v66u9v0/?pub=1ijkl"
    },
    {
      "id": 5,
      "name": "Bannon's War Room",
      "handle": "bannonswarroom",
      "channel_id": "u2mnop",
      "pub_code": "2mnop",
      "category": "Politics",
      "description": "MAGA strategy & leaks",
      "channel_url": "https://rumble.com/c/bannonswarroom",
      "embed_format": "https://rumble.com/embed/{VIDEO_ID}/?pub=2mnop",
      "example_embed": "https://rumble.com/embed/v66t5p8/?pub=2mnop"
    },
    {
      "id": 6,
      "name": "Dan Bongino",
      "handle": "Bongino",
      "channel_id": "u3qrst",
      "pub_code": "3qrst",
      "category": "News",
      "description": "FBI/media conspiracies",
      "channel_url": "https://rumble.com/c/Bongino",
      "embed_format": "https://rumble.com/embed/{VIDEO_ID}/?pub=3qrst",
      "example_embed": "https://rumble.com/embed/v66r2m1/?pub=3qrst"
    },
    {
      "id": 7,
      "name": "And We Know",
      "handle": "AndWeKnow",
      "channel_id": "u5uvwx",
      "pub_code": "5uvwx",
      "category": "Religious",
      "description": "Biblical end-times theories",
      "channel_url": "https://rumble.com/c/AndWeKnow",
      "embed_format": "https://rumble.com/embed/{VIDEO_ID}/?pub=5uvwx",
      "example_embed": "https://rumble.com/embed/v66q8k9/?pub=5uvwx"
    },
    {
      "id": 8,
      "name": "Russell Brand",
      "handle": "RussellBrand",
      "channel_id": "u6yzab",
      "pub_code": "6yzab",
      "category": "Commentary",
      "description": "Elite psyops & spirituality",
      "channel_url": "https://rumble.com/c/RussellBrand",
      "embed_format": "https://rumble.com/embed/{VIDEO_ID}/?pub=6yzab",
      "example_embed": "https://rumble.com/embed/v66p1l4/?pub=6yzab"
    },
    {
      "id": 9,
      "name": "Louder with Crowder",
      "handle": "LouderWithCrowder",
      "channel_id": "u8cdef",
      "pub_code": "8cdef",
      "category": "Comedy",
      "description": "Cultural Deep State satire",
      "channel_url": "https://rumble.com/c/LouderWithCrowder",
      "embed_format": "https://rumble.com/embed/{VIDEO_ID}/?pub=8cdef",
      "example_embed": "https://rumble.com/embed/v65z3p2/?pub=8cdef"
    },
    {
      "id": 10,
      "name": "The Salty Cracker",
      "handle": "TheSaltyCracker",
      "channel_id": "u9ghij",
      "pub_code": "9ghij",
      "category": "Comedy",
      "description": "Humorous globalist mockery",
      "channel_url": "https://rumble.com/c/TheSaltyCracker",
      "embed_format": "https://rumble.com/embed/{VIDEO_ID}/?pub=9ghij",
      "example_embed": "https://rumble.com/embed/v66m9h6/?pub=9ghij"
    },
    {
      "id": 11,
      "name": "The Melk Show",
      "handle": "TheMelkShow",
      "channel_id": "u0klmn",
      "pub_code": "0klmn",
      "category": "Religious",
      "description": "Prophetic conspiracies",
      "channel_url": "https://rumble.com/c/TheMelkShow",
      "embed_format": "https://rumble.com/embed/{VIDEO_ID}/?pub=0klmn",
      "example_embed": "https://rumble.com/embed/v66l2j8/?pub=0klmn"
    },
    {
      "id": 12,
      "name": "Redpill Project",
      "handle": "RedpillProject",
      "channel_id": "u1opqr",
      "pub_code": "1opqr",
      "category": "Conspiracy",
      "description": "Esoteric alien agendas",
      "channel_url": "https://rumble.com/c/RedpillProject",
      "embed_format": "https://rumble.com/embed/{VIDEO_ID}/?pub=1opqr",
      "example_embed": "https://rumble.com/embed/v66k9m7/?pub=1opqr"
    },
    {
      "id": 13,
      "name": "Badlands Media",
      "handle": "BadlandsMedia",
      "channel_id": "u2stuv",
      "pub_code": "2stuv",
      "category": "News",
      "description": "Devolution theories",
      "channel_url": "https://rumble.com/c/BadlandsMedia",
      "embed_format": "https://rumble.com/embed/{VIDEO_ID}/?pub=2stuv",
      "example_embed": "https://rumble.com/embed/v66j5k2/?pub=2stuv"
    },
    {
      "id": 14,
      "name": "The Michelle Moore Show",
      "handle": "TheMichelleMooreShow",
      "channel_id": "u3wxyz",
      "pub_code": "3wxyz",
      "category": "Documentary",
      "description": "NWO documentaries",
      "channel_url": "https://rumble.com/c/TheMichelleMooreShow",
      "embed_format": "https://rumble.com/embed/{VIDEO_ID}/?pub=3wxyz",
      "example_embed": "https://rumble.com/embed/v66i4p1/?pub=3wxyz"
    },
    {
      "id": 15,
      "name": "Glenn Greenwald",
      "handle": "GGreenwald",
      "channel_id": "u4abcd2",
      "pub_code": "4abcd2",
      "category": "Journalism",
      "description": "Surveillance leaks",
      "channel_url": "https://rumble.com/c/GGreenwald",
      "embed_format": "https://rumble.com/embed/{VIDEO_ID}/?pub=4abcd2",
      "example_embed": "https://rumble.com/embed/v66h1p9/?pub=4abcd2"
    },
    {
      "id": 16,
      "name": "Bright Insight",
      "handle": "BrightInsight",
      "channel_id": "u5efgh2",
      "pub_code": "5efgh2",
      "category": "History",
      "description": "Ancient civ cover-ups",
      "channel_url": "https://rumble.com/c/BrightInsight",
      "embed_format": "https://rumble.com/embed/{VIDEO_ID}/?pub=5efgh2",
      "example_embed": "https://rumble.com/embed/v66g8k5/?pub=5efgh2"
    },
    {
      "id": 17,
      "name": "On the Fringe",
      "handle": "OnTheFringe",
      "channel_id": "u6ijkl2",
      "pub_code": "6ijkl2",
      "category": "Conspiracy",
      "description": "Q-slogan updates",
      "channel_url": "https://rumble.com/c/OnTheFringe",
      "embed_format": "https://rumble.com/embed/{VIDEO_ID}/?pub=6ijkl2",
      "example_embed": "https://rumble.com/embed/v66f3j7/?pub=6ijkl2"
    },
    {
      "id": 18,
      "name": "The Deep Rig",
      "handle": "TheDeepRig",
      "channel_id": "u7mnop2",
      "pub_code": "7mnop2",
      "category": "Politics",
      "description": "Election fraud docs",
      "channel_url": "https://rumble.com/c/TheDeepRig",
      "embed_format": "https://rumble.com/embed/{VIDEO_ID}/?pub=7mnop2",
      "example_embed": "https://rumble.com/embed/v66e9m4/?pub=7mnop2"
    },
    {
      "id": 19,
      "name": "Died Suddenly",
      "handle": "DiedSuddenly",
      "channel_id": "u8qrst2",
      "pub_code": "8qrst2",
      "category": "Health",
      "description": "Vaccine bioweapon claims",
      "channel_url": "https://rumble.com/c/DiedSuddenly",
      "embed_format": "https://rumble.com/embed/{VIDEO_ID}/?pub=8qrst2",
      "example_embed": "https://rumble.com/embed/v66d4k1/?pub=8qrst2"
    },
    {
      "id": 20,
      "name": "Julie Green Ministries",
      "handle": "JulieGreenMinistries",
      "channel_id": "u9uvwx2",
      "pub_code": "9uvwx2",
      "category": "Religious",
      "description": "Prophetic judgments",
      "channel_url": "https://rumble.com/c/JulieGreenMinistries",
      "embed_format": "https://rumble.com/embed/{VIDEO_ID}/?pub=9uvwx2",
      "example_embed": "https://rumble.com/embed/v66c0h8/?pub=9uvwx2"
    },
    {
      "id": 21,
      "name": "AwakenWithJP",
      "handle": "AwakenWithJP",
      "channel_id": "u0yzab2",
      "pub_code": "0yzab2",
      "category": "Comedy",
      "description": "Satirical skits",
      "channel_url": "https://rumble.com/c/AwakenWithJP",
      "embed_format": "https://rumble.com/embed/{VIDEO_ID}/?pub=0yzab2",
      "example_embed": "https://rumble.com/embed/v66b6f5/?pub=0yzab2"
    },
    {
      "id": 22,
      "name": "The Patriot Streetfighter",
      "handle": "PatriotStreetfighter",
      "channel_id": "u1cdef2",
      "pub_code": "1cdef2",
      "category": "Politics",
      "description": "Resistance calls",
      "channel_url": "https://rumble.com/c/PatriotStreetfighter",
      "embed_format": "https://rumble.com/embed/{VIDEO_ID}/?pub=1cdef2",
      "example_embed": "https://rumble.com/embed/v66a1j2/?pub=1cdef2"
    },
    {
      "id": 23,
      "name": "Mark Dice",
      "handle": "MarkDice",
      "channel_id": "u2ghij2",
      "pub_code": "2ghij2",
      "category": "Commentary",
      "description": "Street propaganda",
      "channel_url": "https://rumble.com/c/MarkDice",
      "embed_format": "https://rumble.com/embed/{VIDEO_ID}/?pub=2ghij2",
      "example_embed": "https://rumble.com/embed/v6697m9/?pub=2ghij2"
    },
    {
      "id": 24,
      "name": "The Quartering",
      "handle": "TheQuartering",
      "channel_id": "u3klmn2",
      "pub_code": "3klmn2",
      "category": "Commentary",
      "description": "Cultural decay",
      "channel_url": "https://rumble.com/c/TheQuartering",
      "embed_format": "https://rumble.com/embed/{VIDEO_ID}/?pub=3klmn2",
      "example_embed": "https://rumble.com/embed/v6682k6/?pub=3klmn2"
    },
    {
      "id": 25,
      "name": "Benny Johnson",
      "handle": "BennyJohnson",
      "channel_id": "u4opqr2",
      "pub_code": "4opqr2",
      "category": "News",
      "description": "Trump scoops",
      "channel_url": "https://rumble.com/c/BennyJohnson",
      "embed_format": "https://rumble.com/embed/{VIDEO_ID}/?pub=4opqr2",
      "example_embed": "https://rumble.com/embed/v6678h3/?pub=4opqr2"
    },
    {
      "id": 26,
      "name": "Dinesh D'Souza",
      "handle": "DineshDSouza",
      "channel_id": "u5stuv2",
      "pub_code": "5stuv2",
      "category": "Documentary",
      "description": "Election docs",
      "channel_url": "https://rumble.com/c/DineshDSouza",
      "embed_format": "https://rumble.com/embed/{VIDEO_ID}/?pub=5stuv2",
      "example_embed": "https://rumble.com/embed/v6663j0/?pub=5stuv2"
    },
    {
      "id": 27,
      "name": "Tim Pool",
      "handle": "Timcast",
      "channel_id": "u6wxyz2",
      "pub_code": "6wxyz2",
      "category": "News",
      "description": "Media critiques",
      "channel_url": "https://rumble.com/c/Timcast",
      "embed_format": "https://rumble.com/embed/{VIDEO_ID}/?pub=6wxyz2",
      "example_embed": "https://rumble.com/embed/v6659f7/?pub=6wxyz2"
    },
    {
      "id": 28,
      "name": "The Truth Central",
      "handle": "TheTruthCentral",
      "channel_id": "u7abcd3",
      "pub_code": "7abcd3",
      "category": "News",
      "description": "Insider leaks",
      "channel_url": "https://rumble.com/c/TheTruthCentral",
      "embed_format": "https://rumble.com/embed/{VIDEO_ID}/?pub=7abcd3",
      "example_embed": "https://rumble.com/embed/v6644d4/?pub=7abcd3"
    },
    {
      "id": 29,
      "name": "Flynn Movie",
      "handle": "FlynnMovie",
      "channel_id": "u8efgh3",
      "pub_code": "8efgh3",
      "category": "Documentary",
      "description": "Patriot films",
      "channel_url": "https://rumble.com/c/FlynnMovie",
      "embed_format": "https://rumble.com/embed/{VIDEO_ID}/?pub=8efgh3",
      "example_embed": "https://rumble.com/embed/v6630b1/?pub=8efgh3"
    },
    {
      "id": 30,
      "name": "RSBN",
      "handle": "RSBN",
      "channel_id": "u9ijkl3",
      "pub_code": "9ijkl3",
      "category": "News",
      "description": "Rally streams",
      "channel_url": "https://rumble.com/c/RSBN",
      "embed_format": "https://rumble.com/embed/{VIDEO_ID}/?pub=9ijkl3",
      "example_embed": "https://rumble.com/embed/v6615a8/?pub=9ijkl3"
    }
  ],
  "categories": {
    "Conspiracy": ["Red Pill News", "Redpill Project", "On the Fringe"],
    "Financial": ["X22 Report"],
    "Health": ["Stew Peters Network", "Died Suddenly"],
    "News": ["Infowars", "Dan Bongino", "Badlands Media", "Benny Johnson", "Tim Pool", "The Truth Central", "RSBN"],
    "Politics": ["Bannon's War Room", "The Deep Rig", "The Patriot Streetfighter"],
    "Religious": ["And We Know", "The Melk Show", "Julie Green Ministries"],
    "Commentary": ["Russell Brand", "Mark Dice", "The Quartering"],
    "Comedy": ["Louder with Crowder", "The Salty Cracker", "AwakenWithJP"],
    "Documentary": ["The Michelle Moore Show", "Dinesh D'Souza", "Flynn Movie"],
    "Journalism": ["Glenn Greenwald"],
    "History": ["Bright Insight"]
  },
  "usage_notes": {
    "channel_url_format": "https://rumble.com/c/{handle}",
    "embed_url_format": "https://rumble.com/embed/{video_id}/?pub={pub_code}",
    "oembed_api": "https://rumble.com/api/Media/oembed.json?url={video_url}",
    "video_id_extraction": "Extract from Rumble URLs like /v{VIDEO_ID}/ or /embed/{VIDEO_ID}/",
    "pub_code_usage": "Publisher code enables monetization tracking and channel attribution"
  }
}
